<?xml version="1.0" encoding="utf-8"?>
<!--
/**
 * appRain CMF
 *
 * LICENSE
 *
 * This source file is subject to the MIT license that is bundled
 * with this package in the file LICENSE.txt.
 * It is also available through the world-wide-web at this URL:
 * http://www.opensource.org/licenses/mit-license.php
 * If you did not receive a copy of the license and are unable to
 * obtain it through the world-wide-web, please send an email
 * to license@apprain.com so we can send you a copy immediately.
 *
 * @copyright  Copyright (c) 2010 appRain, Team. (http://www.apprain.com)
 * @license    http://www.opensource.org/licenses/mit-license.php MIT license
 *
 * HELP
 *
 * Official Website
 * http://www.apprain.com/
 *
 * Download Link
 * http://www.apprain.com/download
 *
 * Documents Link
 * http ://www.apprain.com/docs
 */
-->
<database>
	<version>2.1.0</version>
    <name>appReport</name>
	<uri>http://www.apprain.com</uri>
	<description>
	<![CDATA[
		A dynamic report generator
	]]>
	</description>
	<author>Reazaul Karim</author>
	<author_uri>http://www.apprain.com/blog</author_uri>
	<namespace>auto</namespace>
	<help>
		<![CDATA[
			<strong>Guide line</strong>  <br />
		<ul>
			<li>Create all report in Dictionary of Reports</li>
			<li>Assign Proper permission to report for Users.</li>
			<li>Use reports from all Report List. </li>
		</ul>
		]]>
	</help>
	<checkfiles>
		<filepath>register.php</filepath>
	</checkfiles>
</database>